[
    {
        "area_code": "0086",
        "name_cn": "中国",
        "name_en": "China"
    },
    {
        "area_code": "0095",
        "name_cn": "缅甸",
        "name_en": "Burma"
    },
    {
        "area_code": "00852",
        "name_cn": "中国香港",
        "name_en": "Hong Kong"
    },
    {
        "area_code": "0065",
        "name_cn": "新加坡",
        "name_en": "Singapore"
    },
    {
        "area_code": "0082",
        "name_cn": "韩国",
        "name_en": "Korea"
    },
    {
        "area_code": "00856",
        "name_cn": "老挝",
        "name_en": "Laos"
    },
    {
        "area_code": "001",
        "name_cn": "加拿大",
        "name_en": "Canada"
    },
    {
        "area_code": "0039",
        "name_cn": "意大利",
        "name_en": "Italy"
    },
    {
        "area_code": "0052",
        "name_cn": "墨西哥",
        "name_en": "Mexico"
    },
    {
        "area_code": "00855",
        "name_cn": "柬埔寨",
        "name_en": "Cambodia"
    },
    {
        "area_code": "00886",
        "name_cn": "中国台湾",
        "name_en": "Taiwan"
    }
]